,classe,statut,sexe,age,sibsp,parch
1,1ere,survivant,femme,29,0,0
2,1ere,survivant,homme,0.916700006,1,2
3,1ere,DCD,femme,2,1,2
4,1ere,DCD,homme,30,1,2
5,1ere,DCD,femme,25,1,2
6,1ere,survivant,homme,48,0,0
7,1ere,survivant,femme,63,1,0
8,1ere,DCD,homme,39,0,0
9,1ere,survivant,femme,53,2,0
10,1ere,DCD,homme,71,0,0
11,1ere,DCD,homme,47,1,0
12,1ere,survivant,femme,18,1,0
13,1ere,survivant,femme,24,0,0
14,1ere,survivant,femme,26,0,0
15,1ere,survivant,homme,80,0,0
16,1ere,DCD,homme,9999,0,0
17,1ere,DCD,homme,24,0,1
18,1ere,survivant,femme,50,0,1
19,1ere,survivant,femme,32,0,0
20,1ere,DCD,homme,36,0,0
21,1ere,survivant,homme,37,1,1
22,1ere,survivant,femme,47,1,1
23,1ere,survivant,homme,26,0,0
24,1ere,survivant,femme,42,0,0
25,1ere,survivant,femme,29,0,0
26,1ere,DCD,homme,25,0,0
27,1ere,survivant,homme,25,1,0
28,1ere,survivant,femme,19,1,0
29,1ere,survivant,femme,35,0,0
30,1ere,survivant,homme,28,0,0
31,1ere,DCD,homme,45,0,0
32,1ere,survivant,homme,40,0,0
33,1ere,survivant,femme,30,0,0
34,1ere,survivant,femme,58,0,0
35,1ere,DCD,homme,42,0,0
36,1ere,survivant,femme,45,0,0
37,1ere,survivant,femme,22,0,1
38,1ere,survivant,homme,9999,0,0
39,1ere,DCD,homme,41,0,0
40,1ere,DCD,homme,48,0,0
41,1ere,DCD,homme,9999,0,0
42,1ere,survivant,femme,44,0,0
43,1ere,survivant,femme,59,2,0
44,1ere,survivant,femme,60,0,0
45,1ere,survivant,femme,41,0,0
46,1ere,DCD,homme,45,0,0
47,1ere,DCD,homme,9999,0,0
48,1ere,survivant,homme,42,0,0
49,1ere,survivant,femme,53,0,0
50,1ere,survivant,homme,36,0,1
51,1ere,survivant,femme,58,0,1
52,1ere,DCD,homme,33,0,0
53,1ere,DCD,homme,28,0,0
54,1ere,DCD,homme,17,0,0
55,1ere,survivant,homme,11,1,2
56,1ere,survivant,femme,14,1,2
57,1ere,survivant,homme,36,1,2
58,1ere,survivant,femme,36,1,2
59,1ere,DCD,homme,49,0,0
60,1ere,survivant,femme,9999,0,0
61,1ere,DCD,homme,36,1,0
62,1ere,survivant,femme,76,1,0
63,1ere,DCD,homme,46,1,0
64,1ere,survivant,femme,47,1,0
65,1ere,survivant,homme,27,1,0
66,1ere,survivant,femme,33,1,0
67,1ere,survivant,femme,36,0,0
68,1ere,survivant,femme,30,0,0
69,1ere,survivant,homme,45,0,0
70,1ere,survivant,femme,9999,0,1
71,1ere,DCD,homme,9999,0,0
72,1ere,DCD,homme,27,1,0
73,1ere,survivant,femme,26,1,0
74,1ere,survivant,femme,22,0,0
75,1ere,DCD,homme,9999,0,0
76,1ere,DCD,homme,47,0,0
77,1ere,survivant,femme,39,1,1
78,1ere,DCD,homme,37,1,1
79,1ere,survivant,femme,64,0,2
80,1ere,survivant,femme,55,2,0
81,1ere,DCD,homme,9999,0,0
82,1ere,DCD,homme,70,1,1
83,1ere,survivant,femme,36,0,2
84,1ere,survivant,femme,64,1,1
85,1ere,DCD,homme,39,1,0
86,1ere,survivant,femme,38,1,0
87,1ere,survivant,homme,51,0,0
88,1ere,survivant,homme,27,0,0
89,1ere,survivant,femme,33,0,0
90,1ere,DCD,homme,31,1,0
91,1ere,survivant,femme,27,1,2
92,1ere,survivant,homme,31,1,0
93,1ere,survivant,femme,17,1,0
94,1ere,survivant,homme,53,1,1
95,1ere,survivant,homme,4,0,2
96,1ere,survivant,femme,54,1,1
97,1ere,DCD,homme,50,1,0
98,1ere,survivant,femme,27,1,1
99,1ere,survivant,femme,48,1,0
100,1ere,survivant,femme,48,1,0
101,1ere,survivant,homme,49,1,0
102,1ere,DCD,homme,39,0,0
103,1ere,survivant,femme,23,0,1
104,1ere,survivant,femme,38,0,0
105,1ere,survivant,femme,54,1,0
106,1ere,DCD,femme,36,0,0
107,1ere,DCD,homme,9999,0,0
108,1ere,survivant,femme,9999,0,0
109,1ere,survivant,femme,9999,0,0
110,1ere,survivant,homme,36,0,0
111,1ere,DCD,homme,30,0,0
112,1ere,survivant,femme,24,3,2
113,1ere,survivant,femme,28,3,2
114,1ere,survivant,femme,23,3,2
115,1ere,DCD,homme,19,3,2
116,1ere,DCD,homme,64,1,4
117,1ere,survivant,femme,60,1,4
118,1ere,survivant,femme,30,0,0
119,1ere,DCD,homme,9999,0,0
120,1ere,survivant,homme,50,2,0
121,1ere,survivant,homme,43,1,0
122,1ere,survivant,femme,9999,1,0
123,1ere,survivant,femme,22,0,2
124,1ere,survivant,homme,60,1,1
125,1ere,survivant,femme,48,1,1
126,1ere,DCD,homme,9999,0,0
127,1ere,DCD,homme,37,1,0
128,1ere,survivant,femme,35,1,0
129,1ere,DCD,homme,47,0,0
130,1ere,survivant,femme,35,0,0
131,1ere,survivant,femme,22,0,1
132,1ere,survivant,femme,45,0,1
133,1ere,DCD,homme,24,0,0
134,1ere,survivant,homme,49,1,0
135,1ere,survivant,femme,9999,1,0
136,1ere,DCD,homme,71,0,0
137,1ere,survivant,homme,53,0,0
138,1ere,survivant,femme,19,0,0
139,1ere,DCD,homme,38,0,1
140,1ere,survivant,femme,58,0,1
141,1ere,survivant,homme,23,0,1
142,1ere,survivant,femme,45,0,1
143,1ere,DCD,homme,46,0,0
144,1ere,survivant,homme,25,1,0
145,1ere,survivant,femme,25,1,0
146,1ere,survivant,homme,48,1,0
147,1ere,survivant,femme,49,1,0
148,1ere,DCD,homme,9999,0,0
149,1ere,DCD,homme,45,1,0
150,1ere,survivant,femme,35,1,0
151,1ere,DCD,homme,40,0,0
152,1ere,survivant,homme,27,0,0
153,1ere,survivant,homme,9999,0,0
154,1ere,survivant,femme,24,0,0
155,1ere,DCD,homme,55,1,1
156,1ere,survivant,femme,52,1,1
157,1ere,DCD,homme,42,0,0
158,1ere,DCD,homme,9999,0,0
159,1ere,DCD,homme,55,0,0
160,1ere,survivant,femme,16,0,1
161,1ere,survivant,femme,44,0,1
162,1ere,survivant,femme,51,1,0
163,1ere,DCD,homme,42,1,0
164,1ere,survivant,femme,35,1,0
165,1ere,survivant,homme,35,0,0
166,1ere,survivant,homme,38,1,0
167,1ere,DCD,homme,9999,0,0
168,1ere,survivant,femme,35,1,0
169,1ere,survivant,femme,38,0,0
170,1ere,DCD,femme,50,0,0
171,1ere,survivant,homme,49,0,0
172,1ere,DCD,homme,46,0,0
173,1ere,DCD,homme,50,0,0
174,1ere,DCD,homme,32.5,0,0
175,1ere,DCD,homme,58,0,0
176,1ere,DCD,homme,41,1,0
177,1ere,survivant,femme,9999,1,0
178,1ere,survivant,homme,42,1,0
179,1ere,survivant,femme,45,1,0
180,1ere,DCD,homme,9999,0,0
181,1ere,survivant,femme,39,0,0
182,1ere,survivant,femme,49,0,0
183,1ere,survivant,femme,30,0,0
184,1ere,survivant,homme,35,0,0
185,1ere,DCD,homme,9999,0,0
186,1ere,DCD,homme,42,0,0
187,1ere,survivant,femme,55,0,0
188,1ere,survivant,femme,16,0,1
189,1ere,survivant,femme,51,0,1
190,1ere,DCD,homme,29,0,0
191,1ere,survivant,femme,21,0,0
192,1ere,DCD,homme,30,0,0
193,1ere,survivant,femme,58,0,0
194,1ere,survivant,femme,15,0,1
195,1ere,DCD,homme,30,0,0
196,1ere,survivant,femme,16,0,0
197,1ere,survivant,homme,9999,0,0
198,1ere,DCD,homme,19,1,0
199,1ere,survivant,femme,18,1,0
200,1ere,survivant,femme,24,0,0
201,1ere,DCD,homme,46,0,0
202,1ere,DCD,homme,54,0,0
203,1ere,survivant,homme,36,0,0
204,1ere,DCD,homme,28,1,0
205,1ere,survivant,femme,9999,1,0
206,1ere,DCD,homme,65,0,0
207,1ere,DCD,homme,44,2,0
208,1ere,survivant,femme,33,1,0
209,1ere,survivant,femme,37,1,0
210,1ere,survivant,homme,30,1,0
211,1ere,DCD,homme,55,0,0
212,1ere,DCD,homme,47,0,0
213,1ere,DCD,homme,37,0,1
214,1ere,survivant,femme,31,1,0
215,1ere,survivant,femme,23,1,0
216,1ere,DCD,homme,58,0,2
217,1ere,survivant,femme,19,0,2
218,1ere,DCD,homme,64,0,0
219,1ere,survivant,femme,39,0,0
220,1ere,survivant,homme,9999,0,0
221,1ere,survivant,femme,22,0,1
222,1ere,DCD,homme,65,0,1
223,1ere,DCD,homme,28.5,0,0
224,1ere,DCD,homme,9999,0,0
225,1ere,DCD,homme,45.5,0,0
226,1ere,DCD,homme,23,0,0
227,1ere,DCD,homme,29,1,0
228,1ere,survivant,femme,22,1,0
229,1ere,DCD,homme,18,1,0
230,1ere,survivant,femme,17,1,0
231,1ere,survivant,femme,30,0,0
232,1ere,survivant,homme,52,0,0
233,1ere,DCD,homme,47,0,0
234,1ere,survivant,femme,56,0,1
235,1ere,DCD,homme,38,0,0
236,1ere,survivant,homme,9999,0,0
237,1ere,DCD,homme,22,0,0
238,1ere,DCD,homme,9999,0,0
239,1ere,survivant,femme,43,0,1
240,1ere,DCD,homme,31,0,0
241,1ere,survivant,homme,45,0,0
242,1ere,DCD,homme,9999,0,0
243,1ere,survivant,femme,33,0,0
244,1ere,DCD,homme,46,0,0
245,1ere,DCD,homme,36,0,0
246,1ere,survivant,femme,33,0,0
247,1ere,DCD,homme,55,1,0
248,1ere,survivant,femme,54,1,0
249,1ere,DCD,homme,33,0,0
250,1ere,survivant,homme,13,2,2
251,1ere,survivant,femme,18,2,2
252,1ere,survivant,femme,21,2,2
253,1ere,DCD,homme,61,1,3
254,1ere,survivant,femme,48,1,3
255,1ere,survivant,homme,9999,0,0
256,1ere,survivant,femme,24,0,0
257,1ere,survivant,homme,9999,0,0
258,1ere,survivant,femme,35,1,0
259,1ere,survivant,femme,30,0,0
260,1ere,survivant,homme,34,0,0
261,1ere,survivant,femme,40,0,0
262,1ere,survivant,homme,35,0,0
263,1ere,DCD,homme,50,1,0
264,1ere,survivant,femme,39,1,0
265,1ere,survivant,homme,56,0,0
266,1ere,survivant,homme,28,0,0
267,1ere,DCD,homme,56,0,0
268,1ere,DCD,homme,56,0,0
269,1ere,DCD,homme,24,1,0
270,1ere,DCD,homme,9999,0,0
271,1ere,survivant,femme,18,1,0
272,1ere,survivant,homme,24,1,0
273,1ere,survivant,femme,23,1,0
274,1ere,survivant,homme,6,0,2
275,1ere,survivant,homme,45,1,1
276,1ere,survivant,femme,40,1,1
277,1ere,DCD,homme,57,1,0
278,1ere,survivant,femme,9999,1,0
279,1ere,survivant,homme,32,0,0
280,1ere,DCD,homme,62,0,0
281,1ere,survivant,homme,54,1,0
282,1ere,survivant,femme,43,1,0
283,1ere,survivant,femme,52,1,0
284,1ere,DCD,homme,9999,0,0
285,1ere,survivant,femme,62,0,0
286,1ere,DCD,homme,67,1,0
287,1ere,DCD,femme,63,1,0
288,1ere,DCD,homme,61,0,0
289,1ere,survivant,femme,48,0,0
290,1ere,survivant,femme,18,0,2
291,1ere,DCD,homme,52,1,1
292,1ere,survivant,femme,39,1,1
293,1ere,survivant,homme,48,1,0
294,1ere,survivant,femme,9999,1,0
295,1ere,DCD,homme,49,1,1
296,1ere,survivant,homme,17,0,2
297,1ere,survivant,femme,39,1,1
298,1ere,survivant,femme,9999,0,0
299,1ere,survivant,homme,31,0,0
300,1ere,DCD,homme,40,0,0
301,1ere,DCD,homme,61,0,0
302,1ere,DCD,homme,47,0,0
303,1ere,survivant,femme,35,0,0
304,1ere,DCD,homme,64,1,0
305,1ere,survivant,femme,60,1,0
306,1ere,DCD,homme,60,0,0
307,1ere,DCD,homme,54,0,1
308,1ere,DCD,homme,21,0,1
309,1ere,survivant,femme,55,0,0
310,1ere,survivant,femme,31,0,2
311,1ere,DCD,homme,57,1,1
312,1ere,survivant,femme,45,1,1
313,1ere,DCD,homme,50,1,1
314,1ere,DCD,homme,27,0,2
315,1ere,survivant,femme,50,1,1
316,1ere,survivant,femme,21,0,0
317,1ere,DCD,homme,51,0,1
318,1ere,survivant,homme,21,0,1
319,1ere,DCD,homme,9999,0,0
320,1ere,survivant,femme,31,0,0
321,1ere,survivant,homme,9999,0,0
322,1ere,DCD,homme,62,0,0
323,1ere,survivant,femme,36,0,0
324,2nde,DCD,homme,30,1,0
325,2nde,survivant,femme,28,1,0
326,2nde,DCD,homme,30,0,0
327,2nde,DCD,homme,18,0,0
328,2nde,DCD,homme,25,0,0
329,2nde,DCD,homme,34,1,0
330,2nde,survivant,femme,36,1,0
331,2nde,DCD,homme,57,0,0
332,2nde,DCD,homme,18,0,0
333,2nde,DCD,homme,23,0,0
334,2nde,survivant,femme,36,0,0
335,2nde,DCD,homme,28,0,0
336,2nde,DCD,homme,51,0,0
337,2nde,survivant,homme,32,1,0
338,2nde,survivant,femme,19,1,0
339,2nde,DCD,homme,28,0,0
340,2nde,survivant,homme,1,2,1
341,2nde,survivant,femme,4,2,1
342,2nde,survivant,femme,12,2,1
343,2nde,survivant,femme,36,0,3
344,2nde,survivant,homme,34,0,0
345,2nde,survivant,femme,19,0,0
346,2nde,DCD,homme,23,0,0
347,2nde,DCD,homme,26,0,0
348,2nde,DCD,homme,42,0,0
349,2nde,DCD,homme,27,0,0
350,2nde,survivant,femme,24,0,0
351,2nde,survivant,femme,15,0,2
352,2nde,DCD,homme,60,1,1
353,2nde,survivant,femme,40,1,1
354,2nde,survivant,femme,20,1,0
355,2nde,DCD,homme,25,1,0
356,2nde,survivant,femme,36,0,0
357,2nde,DCD,homme,25,0,0
358,2nde,DCD,homme,42,0,0
359,2nde,survivant,femme,42,0,0
360,2nde,survivant,homme,0.833299994,0,2
361,2nde,survivant,homme,26,1,1
362,2nde,survivant,femme,22,1,1
363,2nde,survivant,femme,35,0,0
364,2nde,DCD,homme,9999,0,0
365,2nde,DCD,homme,19,0,0
366,2nde,DCD,femme,44,1,0
367,2nde,DCD,homme,54,1,0
368,2nde,DCD,homme,52,0,0
369,2nde,DCD,homme,37,1,0
370,2nde,DCD,femme,29,1,0
371,2nde,survivant,femme,25,1,1
372,2nde,survivant,femme,45,0,2
373,2nde,DCD,homme,29,1,0
374,2nde,survivant,femme,28,1,0
375,2nde,DCD,homme,29,0,0
376,2nde,DCD,homme,28,0,0
377,2nde,survivant,homme,24,0,0
378,2nde,survivant,femme,8,0,2
379,2nde,DCD,homme,31,1,1
380,2nde,survivant,femme,31,1,1
381,2nde,survivant,femme,22,0,0
382,2nde,DCD,femme,30,0,0
383,2nde,DCD,femme,9999,0,0
384,2nde,DCD,homme,21,0,0
385,2nde,DCD,homme,9999,0,0
386,2nde,survivant,homme,8,1,1
387,2nde,DCD,homme,18,0,0
388,2nde,survivant,femme,48,0,2
389,2nde,survivant,femme,28,0,0
390,2nde,DCD,homme,32,0,0
391,2nde,DCD,homme,17,0,0
392,2nde,DCD,homme,29,1,0
393,2nde,survivant,femme,24,1,0
394,2nde,DCD,homme,25,0,0
395,2nde,DCD,homme,18,0,0
396,2nde,survivant,femme,18,0,1
397,2nde,survivant,femme,34,0,1
398,2nde,DCD,homme,54,0,0
399,2nde,survivant,homme,8,0,2
400,2nde,DCD,homme,42,1,1
401,2nde,survivant,femme,34,1,1
402,2nde,survivant,femme,27,1,0
403,2nde,survivant,femme,30,1,0
404,2nde,DCD,homme,23,0,0
405,2nde,DCD,homme,21,0,0
406,2nde,DCD,homme,18,0,0
407,2nde,DCD,homme,40,1,0
408,2nde,survivant,femme,29,1,0
409,2nde,DCD,homme,18,0,0
410,2nde,DCD,homme,36,0,0
411,2nde,DCD,homme,9999,0,0
412,2nde,DCD,femme,38,0,0
413,2nde,DCD,homme,35,0,0
414,2nde,DCD,homme,38,1,0
415,2nde,DCD,homme,34,1,0
416,2nde,survivant,femme,34,0,0
417,2nde,DCD,homme,16,0,0
418,2nde,DCD,homme,26,0,0
419,2nde,DCD,homme,47,0,0
420,2nde,DCD,homme,21,1,0
421,2nde,DCD,homme,21,1,0
422,2nde,DCD,homme,24,0,0
423,2nde,DCD,homme,24,0,0
424,2nde,DCD,homme,34,0,0
425,2nde,DCD,homme,30,0,0
426,2nde,DCD,homme,52,0,0
427,2nde,DCD,homme,30,0,0
428,2nde,survivant,homme,0.666700006,1,1
429,2nde,survivant,femme,24,0,2
430,2nde,DCD,homme,44,0,0
431,2nde,survivant,femme,6,0,1
432,2nde,DCD,homme,28,0,1
433,2nde,survivant,homme,62,0,0
434,2nde,DCD,homme,30,0,0
435,2nde,survivant,femme,7,0,2
436,2nde,DCD,homme,43,1,1
437,2nde,survivant,femme,45,1,1
438,2nde,survivant,femme,24,1,2
439,2nde,survivant,femme,24,1,2
440,2nde,DCD,homme,49,1,2
441,2nde,survivant,femme,48,1,2
442,2nde,survivant,femme,55,0,0
443,2nde,DCD,homme,24,2,0
444,2nde,DCD,homme,32,2,0
445,2nde,DCD,homme,21,2,0
446,2nde,DCD,femme,18,1,1
447,2nde,survivant,femme,20,2,1
448,2nde,DCD,homme,23,2,1
449,2nde,DCD,homme,36,0,0
450,2nde,survivant,femme,54,1,3
451,2nde,DCD,homme,50,0,0
452,2nde,DCD,homme,44,1,0
453,2nde,survivant,femme,29,1,0
454,2nde,DCD,homme,21,0,0
455,2nde,survivant,homme,42,0,0
456,2nde,DCD,homme,63,1,0
457,2nde,DCD,femme,60,1,0
458,2nde,DCD,homme,33,0,0
459,2nde,survivant,femme,17,0,0
460,2nde,DCD,homme,42,1,0
461,2nde,survivant,femme,24,2,1
462,2nde,DCD,homme,47,0,0
463,2nde,DCD,homme,24,2,0
464,2nde,DCD,homme,22,2,0
465,2nde,DCD,homme,32,0,0
466,2nde,survivant,femme,23,0,0
467,2nde,DCD,homme,34,1,0
468,2nde,survivant,femme,24,1,0
469,2nde,DCD,femme,22,0,0
470,2nde,survivant,femme,9999,0,0
471,2nde,DCD,homme,35,0,0
472,2nde,survivant,femme,45,0,0
473,2nde,DCD,homme,57,0,0
474,2nde,DCD,homme,9999,0,0
475,2nde,DCD,homme,31,0,0
476,2nde,DCD,femme,26,1,1
477,2nde,DCD,homme,30,1,1
478,2nde,DCD,homme,9999,0,0
479,2nde,survivant,femme,1,1,2
480,2nde,survivant,femme,3,1,2
481,2nde,DCD,homme,25,1,2
482,2nde,survivant,femme,22,1,2
483,2nde,survivant,femme,17,0,0
484,2nde,survivant,femme,9999,0,0
485,2nde,survivant,femme,34,0,0
486,2nde,DCD,homme,36,0,0
487,2nde,DCD,homme,24,0,0
488,2nde,DCD,homme,61,0,0
489,2nde,DCD,homme,50,1,0
490,2nde,survivant,femme,42,1,0
491,2nde,DCD,femme,57,0,0
492,2nde,DCD,homme,9999,0,0
493,2nde,survivant,homme,1,0,2
494,2nde,DCD,homme,31,1,1
495,2nde,survivant,femme,24,1,1
496,2nde,DCD,homme,9999,0,0
497,2nde,DCD,homme,30,0,0
498,2nde,DCD,homme,40,0,0
499,2nde,DCD,homme,32,0,0
500,2nde,DCD,homme,30,0,0
501,2nde,DCD,homme,46,0,0
502,2nde,survivant,femme,13,0,1
503,2nde,survivant,femme,41,0,1
504,2nde,survivant,homme,19,0,0
505,2nde,DCD,homme,39,0,0
506,2nde,DCD,homme,48,0,0
507,2nde,DCD,homme,70,0,0
508,2nde,DCD,homme,27,0,0
509,2nde,DCD,homme,54,0,0
510,2nde,DCD,homme,39,0,0
511,2nde,DCD,homme,16,0,0
512,2nde,DCD,homme,62,0,0
513,2nde,DCD,homme,32.5,1,0
514,2nde,survivant,femme,14,1,0
515,2nde,survivant,homme,2,1,1
516,2nde,survivant,homme,3,1,1
517,2nde,DCD,homme,36.5,0,2
518,2nde,DCD,homme,26,0,0
519,2nde,DCD,homme,19,1,1
520,2nde,DCD,homme,28,0,0
521,2nde,survivant,homme,20,0,0
522,2nde,survivant,femme,29,0,0
523,2nde,DCD,homme,39,0,0
524,2nde,survivant,homme,22,0,0
525,2nde,survivant,homme,9999,0,0
526,2nde,DCD,homme,23,0,0
527,2nde,survivant,homme,29,0,0
528,2nde,DCD,homme,28,0,0
529,2nde,DCD,homme,9999,0,0
530,2nde,survivant,femme,50,0,1
531,2nde,DCD,homme,19,0,0
532,2nde,DCD,homme,9999,0,0
533,2nde,DCD,homme,41,0,0
534,2nde,survivant,femme,21,0,1
535,2nde,survivant,femme,19,0,0
536,2nde,DCD,homme,43,0,1
537,2nde,survivant,femme,32,0,0
538,2nde,DCD,homme,34,0,0
539,2nde,survivant,homme,30,0,0
540,2nde,DCD,homme,27,0,0
541,2nde,survivant,femme,2,1,1
542,2nde,survivant,femme,8,1,1
543,2nde,survivant,femme,33,0,2
544,2nde,DCD,homme,36,0,0
545,2nde,DCD,homme,34,1,0
546,2nde,survivant,femme,30,3,0
547,2nde,survivant,femme,28,0,0
548,2nde,DCD,homme,23,0,0
549,2nde,survivant,homme,0.833299994,1,1
550,2nde,survivant,homme,3,1,1
551,2nde,survivant,femme,24,2,3
552,2nde,survivant,femme,50,0,0
553,2nde,DCD,homme,19,0,0
554,2nde,survivant,femme,21,0,0
555,2nde,DCD,homme,26,0,0
556,2nde,DCD,homme,25,0,0
557,2nde,DCD,homme,27,0,0
558,2nde,survivant,femme,25,0,1
559,2nde,survivant,femme,18,0,2
560,2nde,survivant,femme,20,0,0
561,2nde,survivant,femme,30,0,0
562,2nde,DCD,homme,59,0,0
563,2nde,survivant,femme,30,0,0
564,2nde,DCD,homme,35,0,0
565,2nde,survivant,femme,40,0,0
566,2nde,DCD,homme,25,0,0
567,2nde,DCD,homme,41,0,0
568,2nde,DCD,homme,25,0,0
569,2nde,DCD,homme,18.5,0,0
570,2nde,DCD,homme,14,0,0
571,2nde,survivant,femme,50,0,0
572,2nde,DCD,homme,23,0,0
573,2nde,survivant,femme,28,0,0
574,2nde,survivant,femme,27,0,0
575,2nde,DCD,homme,29,1,0
576,2nde,DCD,femme,27,1,0
577,2nde,DCD,homme,40,0,0
578,2nde,survivant,femme,31,0,0
579,2nde,DCD,homme,30,1,0
580,2nde,DCD,homme,23,1,0
581,2nde,survivant,femme,31,0,0
582,2nde,DCD,homme,9999,0,0
583,2nde,survivant,femme,12,0,0
584,2nde,survivant,femme,40,0,0
585,2nde,survivant,femme,32.5,0,0
586,2nde,DCD,homme,27,1,0
587,2nde,survivant,femme,29,1,0
588,2nde,survivant,homme,2,1,1
589,2nde,survivant,femme,4,1,1
590,2nde,survivant,femme,29,0,2
591,2nde,survivant,femme,0.916700006,1,2
592,2nde,survivant,femme,5,1,2
593,2nde,DCD,homme,36,1,2
594,2nde,survivant,femme,33,1,2
595,2nde,DCD,homme,66,0,0
596,2nde,DCD,homme,9999,0,0
597,2nde,survivant,homme,31,0,0
598,2nde,survivant,homme,9999,0,0
599,2nde,survivant,femme,26,0,0
600,2nde,DCD,femme,24,0,0
601,3eme,DCD,homme,42,0,0
602,3eme,DCD,homme,13,0,2
603,3eme,DCD,homme,16,1,1
604,3eme,survivant,femme,35,1,1
605,3eme,survivant,femme,16,0,0
606,3eme,survivant,homme,25,0,0
607,3eme,survivant,homme,20,0,0
608,3eme,survivant,femme,18,0,0
609,3eme,DCD,homme,30,0,0
610,3eme,DCD,homme,26,0,0
611,3eme,DCD,femme,40,1,0
612,3eme,survivant,homme,0.833299994,0,1
613,3eme,survivant,femme,18,0,1
614,3eme,survivant,homme,26,0,0
615,3eme,DCD,homme,26,0,0
616,3eme,DCD,homme,20,0,0
617,3eme,DCD,homme,24,0,0
618,3eme,DCD,homme,25,0,0
619,3eme,DCD,homme,35,0,0
620,3eme,DCD,homme,18,0,0
621,3eme,DCD,homme,32,0,0
622,3eme,survivant,femme,19,1,0
623,3eme,DCD,homme,4,4,2
624,3eme,DCD,femme,6,4,2
625,3eme,DCD,femme,2,4,2
626,3eme,survivant,femme,17,4,2
627,3eme,DCD,femme,38,4,2
628,3eme,DCD,femme,9,4,2
629,3eme,DCD,femme,11,4,2
630,3eme,DCD,homme,39,1,5
631,3eme,survivant,homme,27,0,0
632,3eme,DCD,homme,26,0,0
633,3eme,DCD,femme,39,1,5
634,3eme,DCD,homme,20,0,0
635,3eme,DCD,homme,26,0,0
636,3eme,DCD,homme,25,1,0
637,3eme,DCD,femme,18,1,0
638,3eme,DCD,homme,24,0,0
639,3eme,DCD,homme,35,0,0
640,3eme,DCD,homme,5,4,2
641,3eme,DCD,homme,9,4,2
642,3eme,survivant,homme,3,4,2
643,3eme,DCD,homme,13,4,2
644,3eme,survivant,femme,5,4,2
645,3eme,DCD,homme,40,1,5
646,3eme,survivant,homme,23,0,0
647,3eme,survivant,femme,38,1,5
648,3eme,survivant,femme,45,0,0
649,3eme,DCD,homme,21,0,0
650,3eme,DCD,homme,23,0,0
651,3eme,DCD,femme,17,0,0
652,3eme,DCD,homme,30,0,0
653,3eme,DCD,homme,23,0,0
654,3eme,survivant,femme,13,0,0
655,3eme,DCD,homme,20,0,0
656,3eme,DCD,homme,32,1,0
657,3eme,survivant,femme,33,3,0
658,3eme,survivant,femme,0.75,2,1
659,3eme,survivant,femme,0.75,2,1
660,3eme,survivant,femme,5,2,1
661,3eme,survivant,femme,24,0,3
662,3eme,survivant,femme,18,0,0
663,3eme,DCD,homme,40,0,0
664,3eme,DCD,homme,26,0,0
665,3eme,survivant,homme,20,0,0
666,3eme,DCD,femme,18,0,1
667,3eme,DCD,femme,45,0,1
668,3eme,DCD,femme,27,0,0
669,3eme,DCD,homme,22,0,0
670,3eme,DCD,homme,19,0,0
671,3eme,DCD,homme,26,0,0
672,3eme,DCD,homme,22,0,0
673,3eme,DCD,homme,9999,0,0
674,3eme,DCD,homme,20,0,0
675,3eme,survivant,homme,32,0,0
676,3eme,DCD,homme,21,0,0
677,3eme,DCD,homme,18,0,0
678,3eme,DCD,homme,26,0,0
679,3eme,DCD,homme,6,1,1
680,3eme,DCD,femme,9,1,1
681,3eme,DCD,homme,9999,0,0
682,3eme,DCD,femme,9999,0,2
683,3eme,DCD,femme,9999,0,2
684,3eme,DCD,homme,40,1,1
685,3eme,DCD,femme,32,1,1
686,3eme,DCD,homme,21,0,0
687,3eme,survivant,femme,22,0,0
688,3eme,DCD,femme,20,0,0
689,3eme,DCD,homme,29,1,0
690,3eme,DCD,homme,22,1,0
691,3eme,DCD,homme,22,0,0
692,3eme,DCD,homme,35,0,0
693,3eme,DCD,femme,18.5,0,0
694,3eme,survivant,homme,21,0,0
695,3eme,DCD,homme,19,0,0
696,3eme,DCD,femme,18,0,0
697,3eme,DCD,femme,21,0,0
698,3eme,DCD,femme,30,0,0
699,3eme,DCD,homme,18,0,0
700,3eme,DCD,homme,38,0,0
701,3eme,DCD,homme,17,0,0
702,3eme,DCD,homme,17,0,0
703,3eme,DCD,femme,21,0,0
704,3eme,DCD,homme,21,0,0
705,3eme,DCD,homme,21,0,0
706,3eme,DCD,homme,9999,1,0
707,3eme,DCD,femme,9999,1,0
708,3eme,DCD,homme,28,0,0
709,3eme,DCD,homme,24,0,0
710,3eme,survivant,femme,16,0,0
711,3eme,DCD,femme,37,0,0
712,3eme,DCD,homme,28,0,0
713,3eme,DCD,homme,24,0,0
714,3eme,DCD,homme,21,0,0
715,3eme,survivant,homme,32,0,0
716,3eme,DCD,homme,29,0,0
717,3eme,DCD,homme,26,1,0
718,3eme,DCD,homme,18,1,0
719,3eme,DCD,homme,20,0,0
720,3eme,survivant,homme,18,0,0
721,3eme,DCD,homme,24,0,0
722,3eme,DCD,homme,36,0,0
723,3eme,DCD,homme,24,0,0
724,3eme,DCD,homme,31,0,0
725,3eme,DCD,homme,31,0,0
726,3eme,survivant,femme,22,0,0
727,3eme,DCD,femme,30,0,0
728,3eme,DCD,homme,70.5,0,0
729,3eme,DCD,homme,43,0,0
730,3eme,DCD,homme,35,0,0
731,3eme,DCD,homme,27,0,0
732,3eme,DCD,homme,19,0,0
733,3eme,DCD,homme,30,0,0
734,3eme,survivant,homme,9,1,1
735,3eme,survivant,homme,3,1,1
736,3eme,survivant,femme,36,0,2
737,3eme,DCD,homme,59,0,0
738,3eme,DCD,homme,19,0,0
739,3eme,survivant,femme,17,0,1
740,3eme,DCD,homme,44,0,1
741,3eme,DCD,homme,17,0,0
742,3eme,DCD,homme,22.5,0,0
743,3eme,survivant,homme,45,0,0
744,3eme,DCD,femme,22,0,0
745,3eme,DCD,homme,19,0,0
746,3eme,survivant,femme,30,0,0
747,3eme,survivant,homme,29,0,0
748,3eme,DCD,homme,0.333299994,0,2
749,3eme,DCD,homme,34,1,1
750,3eme,DCD,femme,28,1,1
751,3eme,DCD,homme,27,0,0
752,3eme,DCD,homme,25,0,0
753,3eme,DCD,homme,24,2,0
754,3eme,DCD,homme,22,0,0
755,3eme,DCD,homme,21,2,0
756,3eme,DCD,homme,17,2,0
757,3eme,DCD,homme,9999,1,0
758,3eme,survivant,femme,9999,1,0
759,3eme,survivant,homme,36.5,1,0
760,3eme,survivant,femme,36,1,0
761,3eme,survivant,homme,30,0,0
762,3eme,DCD,homme,16,0,0
763,3eme,survivant,homme,1,1,2
764,3eme,survivant,femme,0.166700006,1,2
765,3eme,DCD,homme,26,1,2
766,3eme,survivant,femme,33,1,2
767,3eme,DCD,homme,25,0,0
768,3eme,DCD,homme,9999,0,0
769,3eme,DCD,homme,9999,0,0
770,3eme,DCD,homme,22,0,0
771,3eme,DCD,homme,36,0,0
772,3eme,survivant,femme,19,0,0
773,3eme,DCD,homme,17,0,0
774,3eme,DCD,homme,42,0,0
775,3eme,DCD,homme,43,0,0
776,3eme,DCD,homme,9999,0,0
777,3eme,DCD,homme,32,0,0
778,3eme,survivant,homme,19,0,0
779,3eme,survivant,femme,30,0,0
780,3eme,DCD,femme,24,0,0
781,3eme,survivant,femme,23,0,0
782,3eme,DCD,homme,33,0,0
783,3eme,DCD,homme,65,0,0
784,3eme,survivant,homme,24,0,0
785,3eme,DCD,homme,23,1,0
786,3eme,survivant,femme,22,1,0
787,3eme,DCD,homme,18,0,0
788,3eme,DCD,homme,16,0,0
789,3eme,DCD,homme,45,0,0
790,3eme,DCD,homme,9999,0,0
791,3eme,DCD,homme,39,0,2
792,3eme,DCD,homme,17,1,1
793,3eme,DCD,homme,15,1,1
794,3eme,DCD,homme,47,0,0
795,3eme,survivant,femme,5,0,0
796,3eme,DCD,homme,9999,0,0
797,3eme,DCD,homme,40.5,0,0
798,3eme,DCD,homme,40.5,0,0
799,3eme,survivant,homme,9999,0,0
800,3eme,DCD,homme,18,0,0
801,3eme,DCD,femme,9999,0,0
802,3eme,DCD,homme,9999,0,0
803,3eme,DCD,homme,9999,0,0
804,3eme,DCD,homme,26,0,0
805,3eme,DCD,homme,9999,0,0
806,3eme,survivant,homme,9999,0,0
807,3eme,DCD,femme,21,2,2
808,3eme,DCD,femme,9,2,2
809,3eme,DCD,homme,9999,0,0
810,3eme,DCD,homme,18,2,2
811,3eme,DCD,homme,16,1,3
812,3eme,DCD,femme,48,1,3
813,3eme,DCD,homme,9999,0,0
814,3eme,DCD,homme,9999,0,0
815,3eme,DCD,homme,25,0,0
816,3eme,DCD,homme,9999,0,0
817,3eme,DCD,homme,9999,0,0
818,3eme,DCD,homme,22,0,0
819,3eme,survivant,femme,16,0,0
820,3eme,survivant,femme,9999,0,0
821,3eme,survivant,homme,9,0,2
822,3eme,DCD,homme,33,1,1
823,3eme,DCD,homme,41,0,0
824,3eme,survivant,femme,31,1,1
825,3eme,DCD,homme,38,0,0
826,3eme,DCD,homme,9,5,2
827,3eme,DCD,homme,1,5,2
828,3eme,DCD,homme,11,5,2
829,3eme,DCD,femme,10,5,2
830,3eme,DCD,femme,16,5,2
831,3eme,DCD,homme,14,5,2
832,3eme,DCD,homme,40,1,6
833,3eme,DCD,femme,43,1,6
834,3eme,DCD,homme,51,0,0
835,3eme,DCD,homme,32,0,0
836,3eme,DCD,homme,9999,0,0
837,3eme,DCD,homme,20,0,0
838,3eme,DCD,homme,37,2,0
839,3eme,DCD,homme,28,2,0
840,3eme,DCD,homme,19,0,0
841,3eme,DCD,femme,24,0,0
842,3eme,DCD,femme,17,0,0
843,3eme,DCD,homme,9999,1,0
844,3eme,DCD,homme,9999,1,0
845,3eme,DCD,homme,28,1,0
846,3eme,survivant,femme,24,1,0
847,3eme,DCD,homme,20,0,0
848,3eme,DCD,homme,23.5,0,0
849,3eme,DCD,homme,41,2,0
850,3eme,DCD,homme,26,1,0
851,3eme,DCD,homme,21,0,0
852,3eme,survivant,femme,45,1,0
853,3eme,DCD,femme,9999,0,0
854,3eme,DCD,homme,25,0,0
855,3eme,DCD,homme,9999,0,0
856,3eme,DCD,homme,11,0,0
857,3eme,survivant,femme,9999,0,0
858,3eme,survivant,homme,27,0,0
859,3eme,survivant,homme,9999,0,0
860,3eme,DCD,femme,18,0,0
861,3eme,survivant,femme,26,0,0
862,3eme,DCD,femme,23,0,0
863,3eme,survivant,femme,22,0,0
864,3eme,DCD,homme,28,0,0
865,3eme,DCD,femme,28,0,0
866,3eme,DCD,femme,9999,0,0
867,3eme,survivant,femme,2,0,1
868,3eme,survivant,femme,22,1,1
869,3eme,DCD,homme,43,0,0
870,3eme,DCD,homme,28,0,0
871,3eme,survivant,femme,27,0,0
872,3eme,DCD,homme,9999,0,0
873,3eme,survivant,femme,9999,0,0
874,3eme,DCD,homme,42,0,0
875,3eme,survivant,homme,9999,0,0
876,3eme,DCD,homme,30,0,0
877,3eme,DCD,homme,9999,0,0
878,3eme,DCD,femme,27,1,0
879,3eme,DCD,femme,25,1,0
880,3eme,DCD,homme,9999,0,0
881,3eme,survivant,homme,29,0,0
882,3eme,survivant,homme,21,0,0
883,3eme,DCD,homme,9999,0,0
884,3eme,DCD,homme,20,0,0
885,3eme,DCD,homme,48,0,0
886,3eme,DCD,homme,17,1,0
887,3eme,survivant,femme,9999,0,0
888,3eme,survivant,homme,9999,0,0
889,3eme,DCD,homme,34,0,0
890,3eme,survivant,homme,26,0,0
891,3eme,DCD,homme,22,0,0
892,3eme,DCD,homme,33,0,0
893,3eme,DCD,homme,31,0,0
894,3eme,DCD,homme,29,0,0
895,3eme,survivant,homme,4,1,1
896,3eme,survivant,femme,1,1,1
897,3eme,DCD,homme,49,0,0
898,3eme,DCD,homme,33,0,0
899,3eme,DCD,homme,19,0,0
900,3eme,survivant,femme,27,0,2
901,3eme,DCD,homme,9999,1,2
902,3eme,DCD,femme,9999,1,2
903,3eme,DCD,homme,9999,1,2
904,3eme,DCD,femme,9999,1,2
905,3eme,DCD,homme,23,0,0
906,3eme,survivant,homme,32,0,0
907,3eme,DCD,homme,27,0,0
908,3eme,DCD,femme,20,1,0
909,3eme,DCD,femme,21,1,0
910,3eme,survivant,homme,32,0,0
911,3eme,DCD,homme,17,0,0
912,3eme,DCD,homme,21,0,0
913,3eme,DCD,homme,30,0,0
914,3eme,survivant,homme,21,0,0
915,3eme,DCD,homme,33,0,0
916,3eme,DCD,homme,22,0,0
917,3eme,survivant,femme,4,0,1
918,3eme,survivant,homme,39,0,1
919,3eme,DCD,homme,9999,0,0
920,3eme,DCD,homme,18.5,0,0
921,3eme,DCD,homme,9999,0,0
922,3eme,DCD,homme,9999,0,0
923,3eme,survivant,femme,9999,0,0
924,3eme,survivant,femme,9999,0,0
925,3eme,DCD,homme,34.5,0,0
926,3eme,DCD,homme,44,0,0
927,3eme,survivant,homme,9999,0,0
928,3eme,DCD,homme,9999,1,0
929,3eme,DCD,femme,9999,1,0
930,3eme,DCD,homme,9999,1,0
931,3eme,DCD,homme,9999,1,0
932,3eme,DCD,homme,9999,0,0
933,3eme,DCD,femme,22,2,0
934,3eme,DCD,homme,26,2,0
935,3eme,survivant,femme,4,0,2
936,3eme,survivant,homme,29,3,1
937,3eme,survivant,femme,26,1,1
938,3eme,DCD,femme,1,1,1
939,3eme,DCD,homme,18,1,1
940,3eme,DCD,femme,36,0,2
941,3eme,DCD,homme,9999,0,0
942,3eme,survivant,homme,25,0,0
943,3eme,DCD,homme,9999,0,0
944,3eme,DCD,femme,37,0,0
945,3eme,DCD,homme,9999,0,0
946,3eme,survivant,homme,9999,0,0
947,3eme,DCD,homme,9999,0,0
948,3eme,survivant,femme,22,0,0
949,3eme,DCD,homme,9999,0,0
950,3eme,survivant,homme,26,0,0
951,3eme,DCD,homme,29,0,0
952,3eme,DCD,homme,29,0,0
953,3eme,DCD,homme,22,0,0
954,3eme,survivant,homme,22,0,0
955,3eme,DCD,homme,9999,3,1
956,3eme,DCD,femme,9999,3,1
957,3eme,DCD,femme,9999,3,1
958,3eme,DCD,femme,9999,3,1
959,3eme,DCD,femme,9999,0,4
960,3eme,DCD,homme,32,0,0
961,3eme,DCD,homme,34.5,0,0
962,3eme,DCD,femme,9999,1,0
963,3eme,DCD,homme,9999,1,0
964,3eme,DCD,homme,36,0,0
965,3eme,DCD,homme,39,0,0
966,3eme,DCD,homme,24,0,0
967,3eme,DCD,femme,25,0,0
968,3eme,DCD,femme,45,0,0
969,3eme,DCD,homme,36,1,0
970,3eme,DCD,femme,30,1,0
971,3eme,survivant,homme,20,1,0
972,3eme,DCD,homme,9999,0,0
973,3eme,DCD,homme,28,0,0
974,3eme,DCD,homme,9999,0,0
975,3eme,DCD,homme,30,1,0
976,3eme,DCD,femme,26,1,0
977,3eme,DCD,homme,9999,0,0
978,3eme,DCD,homme,20.5,0,0
979,3eme,survivant,homme,27,0,0
980,3eme,DCD,homme,51,0,0
981,3eme,survivant,femme,23,0,0
982,3eme,survivant,homme,32,0,0
983,3eme,DCD,homme,9999,0,0
984,3eme,DCD,homme,9999,0,0
985,3eme,survivant,femme,9999,0,0
986,3eme,survivant,homme,24,0,0
987,3eme,DCD,homme,22,0,0
988,3eme,DCD,femme,9999,0,0
989,3eme,DCD,homme,9999,0,0
990,3eme,DCD,homme,9999,0,0
991,3eme,DCD,homme,29,0,0
992,3eme,survivant,homme,9999,0,0
993,3eme,DCD,femme,30.5,0,0
994,3eme,survivant,femme,9999,0,0
995,3eme,DCD,homme,9999,0,0
996,3eme,DCD,homme,35,0,0
997,3eme,DCD,homme,33,0,0
998,3eme,survivant,femme,9999,0,0
999,3eme,DCD,homme,9999,0,0
1000,3eme,survivant,femme,9999,0,0
1001,3eme,survivant,homme,9999,0,0
1002,3eme,survivant,femme,9999,2,0
1003,3eme,survivant,femme,9999,2,0
1004,3eme,survivant,homme,9999,2,0
1005,3eme,survivant,femme,9999,0,0
1006,3eme,DCD,homme,9999,0,0
1007,3eme,survivant,femme,9999,0,0
1008,3eme,survivant,femme,15,0,0
1009,3eme,DCD,femme,35,0,0
1010,3eme,DCD,homme,9999,0,0
1011,3eme,DCD,homme,24,1,0
1012,3eme,DCD,femme,19,1,0
1013,3eme,DCD,femme,9999,0,0
1014,3eme,DCD,femme,9999,0,0
1015,3eme,DCD,femme,9999,0,0
1016,3eme,DCD,homme,55.5,0,0
1017,3eme,DCD,homme,9999,0,0
1018,3eme,survivant,homme,21,0,0
1019,3eme,DCD,homme,9999,0,0
1020,3eme,DCD,homme,24,0,0
1021,3eme,DCD,homme,21,0,0
1022,3eme,DCD,homme,28,0,0
1023,3eme,DCD,homme,9999,0,0
1024,3eme,survivant,femme,9999,0,0
1025,3eme,DCD,homme,25,0,0
1026,3eme,survivant,homme,6,0,1
1027,3eme,survivant,femme,27,0,1
1028,3eme,DCD,homme,9999,0,0
1029,3eme,survivant,femme,9999,1,0
1030,3eme,DCD,homme,9999,1,0
1031,3eme,DCD,homme,9999,0,0
1032,3eme,DCD,homme,34,0,0
1033,3eme,DCD,homme,9999,0,0
1034,3eme,survivant,homme,9999,0,0
1035,3eme,survivant,homme,9999,1,1
1036,3eme,survivant,homme,9999,1,1
1037,3eme,survivant,femme,9999,0,2
1038,3eme,survivant,femme,9999,0,0
1039,3eme,DCD,homme,9999,0,0
1040,3eme,survivant,femme,9999,0,0
1041,3eme,survivant,femme,24,0,0
1042,3eme,DCD,homme,9999,0,0
1043,3eme,survivant,femme,9999,1,0
1044,3eme,survivant,femme,9999,1,0
1045,3eme,survivant,femme,9999,0,0
1046,3eme,DCD,homme,18,0,0
1047,3eme,DCD,homme,22,0,0
1048,3eme,survivant,femme,15,0,0
1049,3eme,survivant,femme,1,0,2
1050,3eme,survivant,homme,20,1,1
1051,3eme,survivant,femme,19,1,1
1052,3eme,DCD,homme,33,0,0
1053,3eme,DCD,homme,9999,0,0
1054,3eme,DCD,homme,9999,0,0
1055,3eme,DCD,femme,9999,0,0
1056,3eme,DCD,homme,9999,0,0
1057,3eme,survivant,homme,12,1,0
1058,3eme,survivant,femme,14,1,0
1059,3eme,DCD,femme,29,0,0
1060,3eme,DCD,homme,28,0,0
1061,3eme,survivant,femme,18,0,0
1062,3eme,survivant,femme,26,0,0
1063,3eme,DCD,homme,21,0,0
1064,3eme,DCD,homme,41,0,0
1065,3eme,survivant,homme,39,0,0
1066,3eme,DCD,homme,21,0,0
1067,3eme,DCD,homme,28.5,0,0
1068,3eme,survivant,femme,22,0,0
1069,3eme,DCD,homme,61,0,0
1070,3eme,DCD,homme,9999,1,0
1071,3eme,DCD,homme,9999,0,0
1072,3eme,survivant,femme,9999,1,0
1073,3eme,DCD,homme,9999,0,0
1074,3eme,DCD,homme,9999,0,0
1075,3eme,DCD,homme,9999,0,0
1076,3eme,DCD,homme,23,0,0
1077,3eme,DCD,femme,9999,0,0
1078,3eme,survivant,femme,9999,0,0
1079,3eme,survivant,femme,9999,0,0
1080,3eme,survivant,femme,22,0,0
1081,3eme,survivant,homme,9999,0,0
1082,3eme,survivant,femme,9999,0,0
1083,3eme,survivant,homme,9,0,1
1084,3eme,DCD,homme,28,0,0
1085,3eme,DCD,homme,42,0,1
1086,3eme,DCD,homme,9999,0,0
1087,3eme,DCD,femme,31,0,0
1088,3eme,DCD,homme,28,0,0
1089,3eme,survivant,homme,32,0,0
1090,3eme,DCD,homme,20,0,0
1091,3eme,DCD,femme,23,0,0
1092,3eme,DCD,femme,20,0,0
1093,3eme,DCD,homme,20,0,0
1094,3eme,DCD,homme,16,0,0
1095,3eme,survivant,femme,31,0,0
1096,3eme,DCD,femme,9999,0,0
1097,3eme,DCD,homme,2,3,1
1098,3eme,DCD,homme,6,3,1
1099,3eme,DCD,femme,3,3,1
1100,3eme,DCD,femme,8,3,1
1101,3eme,DCD,femme,29,0,4
1102,3eme,DCD,homme,1,4,1
1103,3eme,DCD,homme,7,4,1
1104,3eme,DCD,homme,2,4,1
1105,3eme,DCD,homme,16,4,1
1106,3eme,DCD,homme,14,4,1
1107,3eme,DCD,femme,41,0,5
1108,3eme,DCD,homme,21,0,0
1109,3eme,DCD,homme,19,0,0
1110,3eme,DCD,homme,9999,0,0
1111,3eme,DCD,homme,32,0,0
1112,3eme,DCD,homme,0.75,1,1
1113,3eme,DCD,femme,3,1,1
1114,3eme,DCD,femme,26,0,2
1115,3eme,DCD,homme,9999,0,0
1116,3eme,DCD,homme,9999,0,0
1117,3eme,DCD,homme,9999,0,0
1118,3eme,DCD,homme,21,0,0
1119,3eme,DCD,homme,25,0,0
1120,3eme,DCD,homme,22,0,0
1121,3eme,survivant,homme,25,1,0
1122,3eme,survivant,homme,9999,1,1
1123,3eme,survivant,femme,9999,1,1
1124,3eme,survivant,femme,9999,0,2
1125,3eme,DCD,femme,9999,0,0
1126,3eme,DCD,homme,24,0,0
1127,3eme,DCD,femme,28,0,0
1128,3eme,DCD,homme,19,0,0
1129,3eme,DCD,homme,9999,0,0
1130,3eme,DCD,homme,25,1,0
1131,3eme,DCD,femme,18,0,0
1132,3eme,survivant,homme,32,0,0
1133,3eme,DCD,homme,9999,0,0
1134,3eme,DCD,homme,17,0,0
1135,3eme,DCD,homme,24,0,0
1136,3eme,DCD,homme,9999,0,0
1137,3eme,DCD,femme,9999,0,0
1138,3eme,DCD,homme,9999,0,0
1139,3eme,DCD,homme,9999,0,0
1140,3eme,DCD,homme,38,0,0
1141,3eme,DCD,homme,21,0,0
1142,3eme,DCD,homme,10,4,1
1143,3eme,DCD,homme,4,4,1
1144,3eme,DCD,homme,7,4,1
1145,3eme,DCD,homme,2,4,1
1146,3eme,DCD,homme,8,4,1
1147,3eme,DCD,femme,39,0,5
1148,3eme,DCD,femme,22,0,0
1149,3eme,DCD,homme,35,0,0
1150,3eme,survivant,femme,9999,0,0
1151,3eme,DCD,homme,9999,0,0
1152,3eme,DCD,femme,9999,0,0
1153,3eme,DCD,homme,50,1,0
1154,3eme,DCD,femme,47,1,0
1155,3eme,DCD,homme,9999,0,0
1156,3eme,DCD,homme,9999,0,0
1157,3eme,DCD,femme,2,1,1
1158,3eme,DCD,homme,18,1,1
1159,3eme,DCD,femme,41,0,2
1160,3eme,survivant,femme,9999,0,0
1161,3eme,DCD,homme,50,0,0
1162,3eme,DCD,homme,16,0,0
1163,3eme,survivant,homme,9999,0,0
1164,3eme,DCD,homme,9999,0,0
1165,3eme,DCD,homme,9999,0,0
1166,3eme,DCD,homme,25,0,0
1167,3eme,DCD,homme,9999,0,0
1168,3eme,DCD,homme,9999,0,0
1169,3eme,DCD,homme,9999,0,0
1170,3eme,DCD,homme,38.5,0,0
1171,3eme,DCD,homme,9999,8,2
1172,3eme,DCD,homme,14.5,8,2
1173,3eme,DCD,femme,9999,8,2
1174,3eme,DCD,femme,9999,8,2
1175,3eme,DCD,femme,9999,8,2
1176,3eme,DCD,femme,9999,8,2
1177,3eme,DCD,homme,9999,8,2
1178,3eme,DCD,homme,9999,8,2
1179,3eme,DCD,homme,9999,8,2
1180,3eme,DCD,homme,9999,1,9
1181,3eme,DCD,femme,9999,1,9
1182,3eme,DCD,homme,24,0,0
1183,3eme,survivant,femme,21,0,0
1184,3eme,DCD,homme,39,0,0
1185,3eme,DCD,homme,9999,2,0
1186,3eme,DCD,homme,9999,2,0
1187,3eme,DCD,homme,9999,2,0
1188,3eme,survivant,femme,1,1,1
1189,3eme,survivant,femme,24,0,2
1190,3eme,survivant,femme,4,1,1
1191,3eme,survivant,homme,25,0,0
1192,3eme,DCD,homme,20,0,0
1193,3eme,DCD,homme,24.5,0,0
1194,3eme,DCD,homme,9999,0,0
1195,3eme,DCD,homme,9999,0,0
1196,3eme,DCD,homme,9999,0,0
1197,3eme,survivant,homme,29,0,0
1198,3eme,DCD,homme,9999,0,0
1199,3eme,survivant,femme,9999,0,0
1200,3eme,DCD,homme,9999,0,0
1201,3eme,DCD,homme,9999,0,0
1202,3eme,DCD,homme,22,0,0
1203,3eme,DCD,homme,9999,0,0
1204,3eme,DCD,homme,40,0,0
1205,3eme,DCD,homme,21,0,0
1206,3eme,survivant,femme,18,0,0
1207,3eme,DCD,homme,4,3,2
1208,3eme,DCD,homme,10,3,2
1209,3eme,DCD,femme,9,3,2
1210,3eme,DCD,femme,2,3,2
1211,3eme,DCD,homme,40,1,4
1212,3eme,DCD,femme,45,1,4
1213,3eme,DCD,homme,9999,0,0
1214,3eme,DCD,homme,9999,0,0
1215,3eme,DCD,homme,9999,0,0
1216,3eme,DCD,homme,9999,0,0
1217,3eme,survivant,femme,9999,0,0
1218,3eme,DCD,homme,19,0,0
1219,3eme,DCD,homme,30,0,0
1220,3eme,DCD,homme,9999,0,0
1221,3eme,DCD,homme,32,0,0
1222,3eme,DCD,homme,9999,0,0
1223,3eme,DCD,homme,33,0,0
1224,3eme,survivant,femme,23,0,0
1225,3eme,DCD,homme,21,0,0
1226,3eme,DCD,homme,60.5,0,0
1227,3eme,DCD,homme,19,0,0
1228,3eme,DCD,femme,22,0,0
1229,3eme,survivant,homme,31,0,0
1230,3eme,DCD,homme,27,0,0
1231,3eme,DCD,femme,2,0,1
1232,3eme,DCD,femme,29,1,1
1233,3eme,survivant,homme,16,0,0
1234,3eme,survivant,homme,44,0,0
1235,3eme,DCD,homme,25,0,0
1236,3eme,DCD,homme,74,0,0
1237,3eme,survivant,homme,14,0,0
1238,3eme,DCD,homme,24,0,0
1239,3eme,survivant,homme,25,0,0
1240,3eme,DCD,homme,34,0,0
1241,3eme,survivant,homme,0.416700006,0,1
1242,3eme,DCD,homme,9999,1,0
1243,3eme,DCD,homme,9999,0,0
1244,3eme,DCD,homme,9999,0,0
1245,3eme,survivant,femme,16,1,1
1246,3eme,DCD,homme,9999,0,0
1247,3eme,DCD,homme,9999,1,0
1248,3eme,survivant,femme,9999,1,0
1249,3eme,DCD,homme,32,0,0
1250,3eme,DCD,homme,9999,0,0
1251,3eme,DCD,homme,9999,0,0
1252,3eme,DCD,homme,30.5,0,0
1253,3eme,DCD,homme,44,0,0
1254,3eme,DCD,homme,9999,0,0
1255,3eme,survivant,homme,25,0,0
1256,3eme,DCD,homme,9999,0,0
1257,3eme,survivant,homme,7,1,1
1258,3eme,survivant,femme,9,1,1
1259,3eme,survivant,femme,29,0,2
1260,3eme,DCD,homme,36,0,0
1261,3eme,survivant,femme,18,0,0
1262,3eme,survivant,femme,63,0,0
1263,3eme,DCD,homme,9999,1,1
1264,3eme,DCD,homme,11.5,1,1
1265,3eme,DCD,homme,40.5,0,2
1266,3eme,DCD,femme,10,0,2
1267,3eme,DCD,homme,36,1,1
1268,3eme,DCD,femme,30,1,1
1269,3eme,DCD,homme,9999,0,0
1270,3eme,DCD,homme,33,0,0
1271,3eme,DCD,homme,28,0,0
1272,3eme,DCD,homme,28,0,0
1273,3eme,DCD,homme,47,0,0
1274,3eme,DCD,femme,18,2,0
1275,3eme,DCD,homme,31,3,0
1276,3eme,DCD,homme,16,2,0
1277,3eme,DCD,femme,31,1,0
1278,3eme,survivant,homme,22,0,0
1279,3eme,DCD,homme,20,0,0
1280,3eme,DCD,femme,14,0,0
1281,3eme,DCD,homme,22,0,0
1282,3eme,DCD,homme,22,0,0
1283,3eme,DCD,homme,9999,0,0
1284,3eme,DCD,homme,9999,0,0
1285,3eme,DCD,homme,9999,0,0
1286,3eme,DCD,homme,32.5,0,0
1287,3eme,survivant,femme,38,0,0
1288,3eme,DCD,homme,51,0,0
1289,3eme,DCD,homme,18,1,0
1290,3eme,DCD,homme,21,1,0
1291,3eme,survivant,femme,47,1,0
1292,3eme,DCD,homme,9999,0,0
1293,3eme,DCD,homme,9999,0,0
1294,3eme,DCD,homme,9999,0,0
1295,3eme,DCD,homme,28.5,0,0
1296,3eme,DCD,homme,21,0,0
1297,3eme,DCD,homme,27,0,0
1298,3eme,DCD,homme,9999,0,0
1299,3eme,DCD,homme,36,0,0
1300,3eme,DCD,homme,27,1,0
1301,3eme,survivant,femme,15,1,0
1302,3eme,DCD,homme,45.5,0,0
1303,3eme,DCD,homme,9999,0,0
1304,3eme,DCD,homme,9999,0,0
1305,3eme,DCD,femme,14.5,1,0
1306,3eme,DCD,femme,9999,1,0
1307,3eme,DCD,homme,26.5,0,0
1308,3eme,DCD,homme,27,0,0
1309,3eme,DCD,homme,29,0,0
